Company Name,Website Link
3Play Media,https://www.3playmedia.com/
Bluestaq,https://www.bluestaq.com/
HCSS,https://www.hcss.com/
GRAIL,https://grail.com/
KPA,https://kpa.io/
The Aerospace Corporation,https://aerospace.org/
Zoom Video Communications,https://zoom.us/
SOPHiA GENETICS,https://www.sophiagenetics.com/
Dealerware,https://www.dealerware.com/
Mason,https://imaginemason.org/
KUBRA,https://www.kubra.com/
Fisher Investments,https://www.fisherinvestments.com/en-us
Path,https://www.path.org/
Halo Investing,https://haloinvesting.com/
MedTrans Go,https://www.medtransgo.com/
"Paperless Parts, Inc.",https://www.paperlessparts.com/
Fyllo,https://www.hellofyllo.com/
Monigle,https://www.monigle.com/
Cleo,https://cleo.li/
Crafted,https://craftedstl.com/
Nasuni,https://www.nasuni.com/
EcoCart,https://ecocart.io/
Apex Fintech Solutions,https://apexfintechsolutions.com/
Cymulate,https://cymulate.com/
Memfault,https://memfault.com/
Forge,https://files.minecraftforge.net/
Framework Security,https://www.frameworksec.com/
Aircall,https://aircall.io/
Cie,https://www.cambridgeinternational.org/
AddShoppers,https://www.addshoppers.com/
Crexi,https://www.crexi.com/
Forward Financing,https://www.forwardfinancing.com/
Headway,https://elt.oup.com/student/headway/
Redgate Software,https://www.red-gate.com/
Ro,https://ro.co/
Snapsheet,https://www.snapsheetclaims.com/
Squarespace,https://www.squarespace.com/
TrueML,https://trueml.co/
CreatorIQ,https://www.creatoriq.com/
Biz2Credit Inc.,https://www.biz2credit.com/
Vibes,https://www.vibesbaseball.com/landing/index
GoodRx,https://www.goodrx.com/
dbt Labs,https://www.getdbt.com/
Nayya,https://www.nayya.com/
Snap Inc.,https://snap.com/
findhelp,https://www.findhelp.org/
Linus Health,https://linushealth.com/
Going,https://go.dev/
Earnest,https://ernestofficial.com/
Fluidra North America,https://www.fluidrausa.com/en
Sendbird,https://sendbird.com/
Sonar,https://www.sonarsource.com/
Mixbook,https://www.mixbook.com/
The Black Tux,https://theblacktux.com/
EliseAI,https://www.eliseai.com/
NAX Group,https://www.naxgrp.com/
MediaNews Group,https://www.medianewsgroup.com/
Wonders,https://wonders.com/EM/en/
Redflag AI,https://www.redflagai.co/
adMarketplace,https://www.admarketplace.com/
AffiniPay,https://www.affinipay.com/
Click Therapeutics,https://www.clicktherapeutics.com/
Gradient AI,https://www.gradientai.com/
Ibotta,https://home.ibotta.com/
Iodine Software,https://iodinesoftware.com/
LogicMonitor,https://www.logicmonitor.com/
Moov Financial,https://moov.io/
MORSE Corp,https://www.morsecorp.com/
"Multi Media, LLC",https://multimediallc.com/
PagerDuty,https://www.pagerduty.com/
RingCentral,https://www.ringcentral.com/
"Lessen, Inc",https://www.lessen.com/
TextUs,https://textus.com/
Agero,https://www.agero.com/
Zocdoc,https://www.zocdoc.com/
Kin + Carta,https://www.kinandcarta.com/en-us/
Immuta,https://www.immuta.com/
Asana,https://asana.com/
PwC,https://www.pwc.com/us/en.html
The PNC Financial Services Group,https://www.pnc.com/en/about-pnc.html
Unanet,https://unanet.com/
Iterative Health,https://iterative.health/
Hometap,https://www.hometap.com/
Expert Institute,https://www.expertinstitute.com/
Ursa Major,https://www.ursamajorvt.com/
ClosedLoop,https://www.closedloop.ai/
Cerebral,https://cerebral.com/
Sensible Weather,https://www.sensibleweather.com/
New Visions for Public Schools,https://www.newvisions.org/
TestFit,https://www.testfit.io/
AutoStore,https://www.autostoresystem.com/
GrapevineAI,https://www.grapevine.ai/
WireScreen,https://www.wirescreen.ai/
CAIS,https://www.caisgroup.com/
PatientPoint,https://patientpoint.com/
Greenlight Guru,https://www.greenlight.guru/
Edmunds,https://www.edmunds.com/
Enigma,https://www.enigmaspace.com/
EDB,https://enterprisedb.com/
Getty Images,https://www.gettyimages.com/
Hi Marley,https://www.himarley.com/
Immersive Labs,https://www.immersivelabs.com/
Intelligent Medical Objects,https://www.imohealth.com/
MarketAxess,https://www.marketaxess.com/
Pax8,https://www.pax8.com/en-us/
Rachio,https://rachio.com/
Bonterra,https://www.bonterratech.com/
AdAction,https://www.adaction.com/
Warner Bros. Discovery,https://wbd.com/
Gogo Business Aviation,https://www.gogoair.com/
John Deere,https://www.deere.com/en/index.html
Trumid,https://www.trumid.com/
GameChanger,https://gc.com/
Ascend.io,https://www.ascend.io/
Closinglock,https://www.closinglock.com/
Bridge Legal,https://bridgelegal.com/
Carbon Robotics,https://carbonrobotics.com/
Mediavine,https://www.mediavine.com/
Truehold,https://www.truehold.com/
Altium,https://www.altium.com/
Caxy Interactive,https://www.caxy.com/
Fusion92,https://www.fusion92.com/
"Findigs, Inc.",https://findigs.com/
Ascendco Health,https://www.ascendcohealth.com/
Radiant,https://radiantcosmetics.com/
Child Mind Institute,https://childmind.org/
Novo Nordisk,https://www.novonordisk.com/
ABN AMRO Clearing USA LLC,https://www.abnamro.com/clearing/en/home
ActionIQ,https://www.actioniq.com/
Ceros,https://www.ceros.com/
Files.com,https://www.files.com/
Evolv Technology,https://www.evolvtechnology.com/
FirstBank,https://www.efirstbank.com/
GOAT Group,https://www.goatgroup.com/
Provi,https://www.provi.com/
Relativity Space,https://www.relativityspace.com/
Strata Decision Technology,https://www.stratadecision.com/
theSkimm,https://www.theskimm.com/
ActBlue,https://secure.actblue.com/
Vertafore,https://www.vertafore.com/
Aurora Solar,https://aurorasolar.com/
Tortuga AgTech,https://www.tortugaagtech.com/
January,https://askjan.org/
Magna International,https://www.magna.com/
Wonderlic,https://wonderlic.com/
inKind,https://inkind.com/
Roblox,https://www.roblox.com/
Snap! Mobile,https://www.snapraise.com/snap-mobile/
Retool,https://retool.com/
Leader Bank,https://www.leaderbank.com/
Healthee,https://healthee.co/
Aptos Labs,https://aptoslabs.com/
LanzaTech,https://lanzatech.com/
Abalta Technologies,https://abaltatech.com/
Close,https://www.closed.com/en/online-shop/
McDonald's Global Technology,https://careers.mcdonalds.com/technology
Apptronik,https://apptronik.com/
Securitize,https://securitize.io/
"8th Light, Inc.",https://8thlight.com/
Abacus Insights,https://abacusinsights.com/
"BigTime Software, Inc.",https://www.bigtime.net/
Arcadia,https://www.arcadiaca.gov/
Evidation,https://evidation.com/
Funding Circle,https://www.fundingcircle.com/us/
GumGum,https://gumgum.com/
HealthJoy,https://www.healthjoy.com/
Liftoff,https://www.liftoff-game.com/
Paylocity,https://www.paylocity.com/
Q2,https://www.q2.com/
Quartet Health,https://www.quartethealth.com/
SmartBear,https://smartbear.com/
Udemy,https://www.udemy.com/
Vivid Seats,https://www.vividseats.com/
Alma,https://www.cyberalma.com/
"Vestmark, Inc.",https://www.vestmark.com/
"Upgrade, Inc.",https://www.upgrade.com/
Point B,https://www.pointb.com/
Stavvy,https://www.stavvy.biz/
Take-Two Interactive Software,https://www.take2games.com/
WISE,https://wise.com/us/
Volley,https://en.volleyballworld.com/
Optera,https://opteraclimate.com/
The Helper Bees,https://www.thehelperbees.com/
DearDoc,https://www.getdeardoc.com/
Strong Analytics,https://www.strong.io/
Spotnana,https://www.spotnana.com/
Nourish,https://www.nourishorganic.com/
First Entertainment Credit Union,https://www.firstent.org/
Altice USA,https://www.alticeusa.com/
ActiveCampaign,https://www.activecampaign.com/
Centerfield,https://www.centerfield.com/
Cockroach Labs,https://www.cockroachlabs.com/
Corvus Insurance,https://www.corvusinsurance.com/
Dynatrace,https://www.dynatrace.com/
Emotive.io,https://emotive.io/product
Hinge,https://hinge.co/
Luxury Presence,https://www.luxurypresence.com/
MassMutual,https://www.massmutual.com/
Nexthink,https://www.nexthink.com/
Sensor Tower,https://sensortower.com/
ServiceTitan,https://www.servicetitan.com/
Supernova Technology,https://www.supernovacompanies.com/
ThousandEyes (part of Cisco),https://www.thousandeyes.com/
TigerConnect,https://tigerconnect.com/
Workiva,https://www.workiva.com/
"Vail Systems, Inc.",https://www.vailsys.com/
VelocityEHS,https://www.ehs.com/
Artera,https://www.artera.com/
West Monroe,https://www.cityofwestmonroe.com/
Mothership,https://comedymothership.com/
ForeFlight,https://foreflight.com/
CompanyCam,https://companycam.com/
AWeber,https://www.aweber.com/
Zeta Global,https://zetaglobal.com/
Smartling,https://www.smartling.com/
Sojern,https://www.sojern.com/
BrainPOP,https://www.brainpop.com/
Leaf Home,https://www.leafhome.com/
Chainlink Labs,https://chainlinklabs.com/
Nutrafol,https://nutrafol.com/
Terakeet,https://terakeet.com/
Cox Enterprises,https://www.coxenterprises.com/
Spokeo,https://www.spokeo.com/
DraftKings,https://www.draftkings.com/
Acquia,https://www.acquia.com/
AlertMedia,https://www.alertmedia.com/
General Motors,https://www.gm.com/
CrowdStrike,https://www.crowdstrike.com/
Evolve,https://2k.com/en-US/game/evolve/
10Pearls,https://10pearls.com/
Klaviyo,https://www.klaviyo.com/
Kustomer,https://www.kustomer.com/
Peloton,https://www.onepeloton.com/
Route,https://route.com/
SailPoint,https://www.sailpoint.com/
SamCart,https://www.samcart.com/
"Scaled Agile, Inc.",https://scaledagile.com/
SciPlay,https://www.sciplay.com/
Flexport,https://www.flexport.com/
Orchard,https://www.theorchard.com/
Upside,https://www.theupside.com/
Huntress,https://www.huntress.com/
RS21,https://rs21.io/
Comcast Advertising,https://comcastadvertising.com/
Rue Gilt Groupe,https://ruegiltgroupe.com/
Level Ex,https://www.levelex.com/
Bubble,https://hellobubble.com/
Restaurant365,https://www.restaurant365.com/
Bowery Farming,https://bowery.co/
EnergyHub,https://www.energyhub.com/
HiBob,https://www.hibob.com/
Jellyfish,https://www.jellyfish.com/
Unchained,https://godsunchained.com/
Concept3D,https://concept3d.com/
"SRAM, LLC",https://www.sram.com/en/sram
Range,https://www.range.net/
Laudio,https://laudio.com/
Personio,https://www.personio.com/
"Buildout, Inc.",https://www.buildout.com/
DebtBook,https://www.debtbook.com/
Crunchyroll,https://www.crunchyroll.com/
DISQO,https://www.disqo.com/
Favor Delivery,https://www.favordelivery.com/
hims & hers,https://www.hims.com/
JumpCloud,https://jumpcloud.com/
NextRoll,https://www.nextroll.com/
NowSecure,https://www.nowsecure.com/
Riskified,https://www.riskified.com/
LeafLink,https://leaflink.com/
1upHealth,https://1up.health/
VideoAmp,https://videoamp.com/
Embroker,https://www.embroker.com/
Thumbtack,https://www.thumbtack.com/
ID.me,https://www.id.me/
Unit 410,https://unit410.com/
Unlearn.AI,https://www.unlearn.ai/
Eventus Solutions Group,https://eventusg.com/
NinjaHoldings,https://www.ninjaholdings.com/
Cohere Health,https://coherehealth.com/
Optimize Health,https://www.optimize.health/
Babylist,https://www.babylist.com/
Invenergy,https://invenergy.com/
ZS,https://www.zs.com/
Grainger,https://www.grainger.com/
Ekotrope,https://www.ekotrope.com/
Hypori Inc.,https://www.hypori.com/
Gusto,https://gusto.com/
Sparrow,https://parichay.nic.in/
Agile Six,https://agile6.com/
CarAdvise,https://caradvise.com/
Outbrain,https://www.outbrain.com/
FusionAuth,https://fusionauth.io/
Consensus Cloud Solutions,https://www.consensus.com/
Macquarie Group,https://www.macquarie.com/
Vannevar Labs,https://www.vannevarlabs.com/
"Sourced Group, An Amdocs Company",https://www.sourcedgroup.com/
Yello,https://www.yello.com/
Multiverse,https://multiversus.com/en-gb
Sandbox VR,https://sandboxvr.com/
Coviance,https://www.coviance.com/
"Eviden, an Atos Business",https://eviden.com/
Lusha,https://www.lusha.com/
InspiringApps,https://www.inspiringapps.com/
GSTV,https://www.gstv.com/
Skupos,https://www.skupos.com/
Braviant Holdings,https://www.braviantholdings.com/
CityBase,https://thecitybase.com/
OneView Commerce,https://www.oneviewcommerce.com/
Travelers Haven,https://www.travelershaven.com/
cove,https://discoverycove.com/orlando/
Everyware,https://www.everyware.com/
Invoice Home,https://invoicehome.com/
FluentStream,https://www.fluentstream.com/
iTrellis,https://www.itrellis.com/
Petal,https://www.petalcard.com/
Credit Repair Cloud,https://www.creditrepaircloud.com/
Sibros,https://www.sibros.tech/
Avenue One,https://www.avenue.one/
Analytics8,https://www.analytics8.com/
ComplYant,https://complyant.co/blog/category/publications/
The Org,https://theorg.com/
Network Perception,https://network-perception.com/
Deck Nine Games,https://deckninegames.com/
Evive,https://evivenutrition.com/
Jabra Hearing,https://www.jabra.com/hearing
Sysco LABS,https://www.syscolabs.com/
Spot Insurance,https://getspot.com/
Asset Class,https://www.assetclass.com/
PureSpectrum,https://www.purespectrum.com/
TPT (formerly Teachers Pay Teachers),https://www.teacherspayteachers.com/
Wowza,https://www.wowza.com/
Khoros,https://khoros.com/
Uptycs,https://www.uptycs.com/
Apploi,https://apploi.com/
MagicLinks,https://www.magiclinks.com/
Truist,https://www.truist.com/
Sonrai Security,https://sonraisecurity.com/
Prosodica,https://www.prosodica.com/
Casana,https://casanacare.com/
Mosaic Building Group,https://mosaic.us/
Postscript,https://postscript.io/
Autodesk,https://www.autodesk.com/
CoinList,https://coinlist.co/
Double Good,https://www.doublegood.com/
R-Zero,https://rzero.com/
Yugabyte,https://www.yugabyte.com/
Reformation,https://www.thereformation.com/
Personify,https://personifycorp.com/
Supermetrics,https://supermetrics.com/
Atomic Object,https://atomicobject.com/
Beyond Limits,https://www.beyond.ai/
Bonusly,https://bonusly.com/
DoorDash,https://www.doordash.com/
Lightspeed Systems,https://www.lightspeedsystems.com/
Unite Us,https://uniteus.com/
Front,https://front.com/
Smartcar,https://www.smart.com/
Poshmark,https://poshmark.com/
LaunchDarkly,https://launchdarkly.com/
Bright Horizons,https://www.brighthorizons.com/
Messari,https://messari.io/
Mack Weldon,https://mackweldon.com/
Excel™,https://www.microsoft.com/en-us/microsoft-365/excel
"Double Line, Inc.",https://wearedoubleline.com/
Sosemo,https://www.sosemo.com/
FOSSA,https://fossa.com/
Hallow,https://hallow.com/
Popmenu,https://get.popmenu.com/
Cubic Corporation,https://www.cubic.com/
Seismic,https://seismic.com/
Upstart,https://www.upstart.com/
May Mobility,https://maymobility.com/
"Globality, Inc.",https://www.globality.com/
Carta,https://carta.com/
BlueLabs Analytics,https://bluelabs.com/
Mayfair,https://www.mayfairhotels.com/
Beam Impact Inc,https://www.beamimpact.com/
Foundry Brands,https://foundrybrands.com/
Eco.com,https://eco.org/
Digital Pharmacist,https://www.digitalpharmacist.com/
TIFIN,https://tiffinmotorhomes.com/
Formations,https://www.formationsusa.com/
LightForce Orthodontics Inc.,https://lf.co/
Runwise,https://www.runwise.com/
Red Hat,https://www.redhat.com/en
Elastic,https://www.elastic.co/
Zuora,https://www.zuora.com/
eMed Digital Healthcare,https://www.emed.com/
Frontify,https://www.frontify.com/en/
Kiddom,https://www.kiddom.co/
Xplor Technologies,https://www.xplortechnologies.com/us
All Turtles,https://www.all-turtles.com/
Cargomatic,https://cargomatic.com/
Submittable,https://www.submittable.com/
Hightouch,https://hightouch.com/
Panther,https://www.panthers.com/
Sotheby's,https://www.sothebys.com/en/
Appfire,https://appfire.com/
Constructor,https://theconstructor.org/
Bose Professional,https://pro.bose.com/
Florence Healthcare,https://florencehc.com/
Mitratech,https://mitratech.com/
TechnologyAdvice,https://technologyadvice.com/
United Wholesale Mortgage,https://www.uwm.com/
"Visa Inc,",https://usa.visa.com/
Highspot,https://www.highspot.com/
Cover Genius,https://covergenius.com/
AgentSync,https://agentsync.io/
MNTN,https://mountain.com/
Convene,https://convene.com/
Sprockets,https://www.jtsprockets.com/
Invaluable,https://www.invaluable.com/
"DexCare, Inc.",https://dexcare.com/
Coupang,https://www.aboutcoupang.com/
FLASH,https://www.warnerbros.com/movies/flash
Thirty Madison,https://thirtymadison.com/
Palo Alto Networks,https://www.paloaltonetworks.com/
SingleStore,https://www.singlestore.com/
PMG,https://www.pmgnotes.com/
Duolingo,https://www.duolingo.com/
IHG,https://www.ihg.com/hotels/us/en/reservation
Garner Health,https://www.getgarner.com/
PlayQ,https://www.playq.com/
Electric,https://www.entergy.com/
Doxo,https://www.doxo.com/
Stellar Development Foundation,https://stellar.org/foundation
Databook,https://databook.com/
Mavrck,https://www.mavrck.co/
Relay Delivery,https://www.relay.delivery/
Shardeum,https://twitter.com/shardeum?lang=en
Fluency,https://www.proedinc.com/Products/CategoryCenter/SP!FLU%7CMAJ-T/Fluency-Stuttering-and-Voice.aspx
MessageGears,https://messagegears.com/
Reddit,https://www.reddit.com/
Trust & Will,https://trustandwill.com/
Guidewire Software,https://www.guidewire.com/
Crossbeam,https://www.crossbeam.com/
Santander US,https://www.santanderbank.com/
Eaton,https://www.eaton.com/
H1,https://h1.co/
Apartment List,https://www.apartmentlist.com/
DAS42,https://das42.com/
Unit21,https://www.unit21.ai/
Envoy,https://envoy.com/
21.co,https://www.21.co/disclaimers
Derivative Path,https://derivativepath.com/
Fingerprint,https://fingerprint.com/
Praxent,https://praxent.com/
AAM - American Axle & Manufacturing,https://www.aam.com/
GridX,https://gridx.com/
Fiddler,https://www.telerik.com/fiddler
Launch Potato,https://launchpotato.com/
Valo Health,https://www.valohealth.com/
Brad's Deals,https://www.bradsdeals.com/
Amaze Software Inc.,https://amaze.co/
runZero,https://www.runzero.com/
BorderlessMind,https://www.borderlessmind.com/
Reebelo,https://reebelo.com/
Granicus LLC,https://granicus.com/
LeagueApps,https://leagueapps.com/
Forcepoint,https://www.forcepoint.com/
Intercom,https://www.intercom.com/
AKASA,https://akasa.com/
Purple Carrot,https://www.purplecarrot.com/
Revinate,https://www.revinate.com/
GoodTime.io,https://goodtime.io/
BallotReady,https://www.ballotready.org/
Valimail,https://www.valimail.com/
TruEra,https://truera.com/
Epirus,https://www.epirusinc.com/
Rewards Network,https://www.rewardsnetwork.com/
Routable,https://routable.com/
CaptivateIQ,https://www.captivateiq.com/
Sysdig,https://sysdig.com/
At-Bay,https://www.at-bay.com/
Circle,https://www.circle.com/en/
HatchWorks,https://hatchworks.com/
Intuit,https://www.intuit.com/
Expel,https://expel.com/
Zendesk,https://www.zendesk.com/
Upbound,https://www.upbound.io/
Foxtrot,https://foxtrotco.com/
Obie,https://www.obiehealth.com/
Kafene,https://kafene.com/
Atlas,https://www.playatlas.com/
Vizion,https://www.vizion.com/
Jungle Scout,https://www.junglescout.com/
CoinDesk,https://www.coindesk.com/
Merit America,https://meritamerica.org/
Albert,https://albert.com/
ByteChek,https://www.bytechek.com/
Knotch,https://knotch.com/
nTopology,https://www.ntop.com/
Apexon,https://www.apexon.com/
Zwift,https://www.zwift.com/
Affirm,https://www.affirm.com/
Vise,https://vise.com/
Gearset,https://gearset.com/
LaunchSource,https://www.launchsource.com/
Anthology,https://www.anthology.com/
Hyatt,https://www.hyatt.com/
Mastercard,https://www.mastercard.us/en-us.html
Product School,https://productschool.com/
AssemblyAI,https://www.assemblyai.com/
Arthur,https://pbskids.org/arthur
ShipFusion,https://www.shipfusion.com/
Dimagi,https://www.dimagi.com/
Zefr,https://zefr.com/
TIDAL,https://tidal.com/
ClickySoft,https://clickysoft.com/
Percent,https://percent.com/
Aleria,https://www.aleria.tech/
Keyway,https://whykeyway.com/
Honor,https://www.hihonor.com/global/
UpCodes,https://up.codes/
Additive Monitoring Systems,https://www.additivemonitoring.com/
Okteto,https://www.okteto.com/
Lawline,https://www.lawline.com/
Ownwell,https://www.ownwell.com/
Mention Me,https://www.mention-me.com/
Pixelette Technologies,https://www.pixelettetech.com/
Galileo,https://www.galileo.usg.edu/
RepeatMD,https://www.repeatmd.com/
Cuttlesoft,https://cuttlesoft.com/
iSeatz,https://www.iseatz.com/en/
SupplyPike,https://www.supplypike.com/
SMD Technosol,https://smdtechnosol.com/
SearchStax,https://www.searchstax.com/
Osano,https://www.osano.com/
Ground Alliance,https://www.groundalliance.com/
PaceMate,https://pacemate.com/
Debut Infotech,https://www.debutinfotech.com/
Softrip,https://www.softrip.com/
WORTHY,https://www.worthy.com/
Respondology,https://respondology.com/
Obviant,https://www.obviant.com/
Modern Treasury,https://www.moderntreasury.com/
2am.tech,https://2am.tech/
Dray Alliance,https://www.drayalliance.com/
"Jobcase, Inc.",https://www.jobcase.com/
SOCi,https://www.meetsoci.com/
Milo,https://www.goodnes.com/milo/
Design Pickle,https://designpickle.com/
Verizon,https://www.verizon.com/
Big Fish Games,https://www.bigfishgames.com/us/en/pc-games.html
Belkins,https://www.belkin.com/
Shipium,https://www.shipium.com/
Kickstarter,https://www.kickstarter.com/?country=US
HarperDB,https://www.harperdb.io/
Compt,https://www.compt.io/
Sana Benefits,https://www.sanabenefits.com/
D2iQ,https://d2iq.com/
GigLabs,https://www.gigantik.io/
Archive Resale,https://www.archiveresale.com/
Distillery Tech,https://distillery.com/
Carbon Direct,https://www.carbon-direct.com/
Smartrr,https://smartrr.com/
Consensus,https://www.consensus.com/
Playco,https://www.play.co/
OneSix,https://www.onesixsolutions.com/
Spoiler Alert,https://www.focusfeatures.com/spoiler-alert/watch/
"Docker, Inc",https://www.docker.com/
Runway,https://runwayml.com/
DwellWell,https://www.dwellwell.com/
Asapp Studio,https://asappstudio.com/
Ubmatic,https://pubmatic.com/
awm llab llc,https://builtin.com/company/awm-llab-llc
Krishang Technolab,https://www.krishangtechnolab.com/
INSID3RS.io,https://www.insid3rs.io/
Nagara Bottling,https://www.niagarawater.com/
Network Optix,https://www.networkoptix.com/
"The Pocketbook Agency, LLC",https://www.pocketbookagency.com/
Rubyroid Labs,https://rubyroidlabs.com/
Able,https://www.ablenrc.org/
"Avenue Code, LLC",https://www.avenuecode.com/
oak9,https://docs.oak9.io/
Nextbite,https://nextbite.io/
Republic,https://www.republicwomenswear.com/
Zumper,https://www.zumper.com/
Alchemer,https://www.alchemer.com/
Rapid Robotics,https://www.rapidrobotics.com/
Best Buy,https://www.bestbuy.com/
Schneider Electric,https://www.se.com/us/en/
Confiant,https://www.confiant.com/
"Flieber, Inc.",https://www.flieber.com/
Labelbox,https://labelbox.com/
Harver,https://harver.com/
Attunely,https://www.attunely.com/
Vilop Digital,https://vilopdigital.com/
Nautilus Labs,https://nautiluslabs.com/
Cleartrace,https://cleartrace.io/
Cascadian Software,https://www.cascadiansoftware.com/
Ncontracts,https://www.ncontracts.com/
NCSA College Recruiting,https://www.ncsasports.org/
Popl,https://popl.co/
KitBash3D,https://kitbash3d.com/
Perennial,https://www.perennialbeer.com/
FairStreet,https://www.thefairstreet.com/post/introducing-fairstreet
Inverted Software,https://invertedsoftware.com/
Open Technology Solutions,https://www.open-techs.com/
Miku,https://mikuexpo.com/
Instnt,https://www.instanthome.com/
NCS Analytics,https://ncsanalytics.com/
Radio Flyer,https://www.radioflyer.com/
Gloat,https://gloat.com/
Kizen,https://kizen.com/
Data Clymer,https://dataclymer.com/
Mystery,https://www.therealmystery.com/
Aqua Security,https://www.aquasec.com/
Merit America - 2,https://meritamerica.org/
Lemon.io,https://lemon.io/
Curios,https://www.curios.com/
Aquia Inc.,https://www.aquia.us/
"Nirvana Insurance, Inc.",https://www.nirvanatech.com/
Opil Optimum,https://opiloptimum.com/
Next Day Bud!,https://ndbud.com/
auticon US,https://auticon.com/us/
The 215 Guys,https://www.the215guys.com/
Front,https://front.com/
Privacera,https://privacera.com/
300Mind,https://300mind.studio/
Achievion Solutions,https://achievion.com/
Devbridge,https://www.devbridge.com/
VIZIO,https://www.vizio.com/en/home
Knowland,https://www.knowland.com/
RepairSmith,https://www.repairsmith.com/i/locations/oregon/government-camp/
Ancestry,https://www.ancestry.com/
MojoTech,https://www.mojotech.com/
WhoCo,https://www.linkedin.com/company/whoco
Momnt,https://www.momnt.com/
Highline,https://www.thehighline.org/
Method Financial,https://methodfi.com/
Prodly,https://prodly.co/
KAYAK,https://www.kayak.com/
Fitch Group,http://www.fitch.group/
BeatStars,https://www.beatstars.com/
Interplay Learning,https://www.interplaylearning.com/
"Mobi Systems, Inc.",https://mobisystems.com/v3
Seasia Infotech,https://www.seasiainfotech.com/
Layer2Labs,https://layertwolabs.com/
Vention,https://ventiontech.com/
Hotjar,https://www.hotjar.com/
The App Solutions,https://theappsolutions.com/
Genesis Lab,https://genesislaboratory.com/
Mojo,https://www.modular.com/mojo
Nash,https://thenashcollection.com/
Maergo,https://maergo.com/
Sagent,https://sagent.com/
Radancy,https://www.radancy.com/en
Revive Media,https://www.revivemedia.us/
HackNotice,https://hacknotice.com/
XeoDev,https://www.xeodev.com/
Shark&Cooper,
The Gray Bear,https://www.graybear.org/
Verifex,https://www.fairfaxcounty.gov/
Vecteezy,https://www.vecteezy.com/
Databox,https://databox.com/
Debut Infotech,https://www.debutinfotech.com/
Tillo,https://www.tillo.io/
"Ropstam Solutions - Mobile, Web, and Software Development Company",https://www.ropstam.com/
Phenx Machine Learning Technologies Inc.,https://www.phenx.io/
Axuall,https://www.axuall.com/
Utility Bellhop,https://utilitybellhops.com/
Club Automation,https://www.clubautomation.com/
Indico Data,https://indicodata.ai/
Skilljar,https://www.skilljar.com/
Homebound Technologies,https://www.homebound.com/
backstitch,https://www.backstitch.io/
LASSO,https://bitsum.com/
"Nike, Inc.",https://www.nike.com/
Cloudticity,https://www.cloudticity.com/home
Posit,https://posit.co/
Subvrsive,https://subvrsive.com/
Mode Mobile,https://www.modemobile.com/
Atmosphere,https://atmospheresucks.com/
Fractal Software,https://www.fractalsoftware.com/
MoogleLabs,https://www.mooglelabs.com/
Pebble,https://www.pebblecart.com/
Modulate,https://www.modulate.ai/
SuperTeam Games,https://www.superteamgames.com/
Teamwork,https://www.teamwork.com/
Finest Ghostwriting,https://theurbanwriters.com/
Centaur Labs,https://www.centaurlabs.com/
Pivot Cycles,https://www.pivotcycles.com/en/
Vareto,https://www.vareto.com/
Occupier,https://www.occupier.com/
Copper,https://copperfitusa.com/
Motili,https://www.motili.com/
The Lactation Network,https://lactationnetwork.com/
SamaCare,https://www.samacare.com/
Playco,https://www.play.co/
Infracore,https://www.hd-infracore.com/
Kintsugi Mindful Wellness,https://www.kintsugihealth.com/
Clairity,https://clairity.com/
Clearbit,https://clearbit.com/
Poppins Payroll,https://www.poppinspayroll.com/
Merit America - 2,https://meritamerica.org/
Advisory Solutions,https://advisorymsp.com/
Skolem Technologies,https://skolem.com/
Best Web3 Development,https://medium.com/geekculture/top-10-web3-development-agencies-in-2023-10da597ece1e
Yuga Labs,https://yuga.com/
Carta Healthcare,https://www.carta.healthcare/
IGM Technologies,https://igm.technology/
Vega Cloud,https://www.vegacloud.io/
Courier Health,https://www.courierhealth.com/
Element Science,https://elementscience.com/
GLIDE®,https://www.glide.com/
VOLT AI,https://www.volt.ai/
Kaana,https://kaanas.com/
"LuminFire, Inc.",https://luminfire.com/
Techcronus,https://www.techcronus.com/
Animoto,https://animoto.com/
Bliss Point Media,https://www.blisspointmedia.com/
Stream 9,https://centos.org/stream9/
Groove Jones,https://www.groovejones.com/
CSG,https://www.csgi.com/
Edify,https://edify.org/
InfluxData,https://www.influxdata.com/home/
Newsela,https://newsela.com/
Perch,https://www.perchhq.com/
Acoustic,https://www.acoustic.com/
Scalero,https://scalero.io/
LinkSquares,https://linksquares.com/
Clovers,https://www.clover.com/
OpenTable,https://www.opentable.com/
Nuvocargo,https://www.nuvocargo.com/
Neon One,https://neonone.com/
Shortcut,https://shotcut.org/
Enspire,https://enspire.com/
Octave,https://octave.org/
Meadowbrook Financial Mortgage Bankers Corp.,https://mfmbankers.com/
LaunchPad Lab,https://launchpadlab.com/
Britive,https://www.britive.com/
"Chetu, Inc.",https://www.chetu.com/
Dr. Donald A. Graham,https://drdongraham.com/
Rivell LLC,https://rivell.com/
Queppelin,https://www.queppelin.com/
Antier Solutions,https://www.antiersolutions.com/
Equinox Advertising,https://www.equinox.com/
Decktopus,https://www.decktopus.com/
Finance Advertising,
Mavinx,https://mavinx.com/
WIN Reality,https://winreality.com/
AbsenceSoft,https://absencesoft.com/
Appcues,https://www.appcues.com/
The Krazy Coupon Lady,https://thekrazycouponlady.com/
Coinme Inc.,https://coinme.com/
Enervee,https://www.enervee.com/
Ookla,https://www.ookla.com/
Amount,https://www.usa.gov/benefits
CARET,http://getcaret.com/
Trulioo,https://www.trulioo.com/
CentralReach,https://centralreach.com/
GoCheck Kids,https://www.gocheckkids.com/
Navigating Cancer,https://www.navigatingcancer.com/
Eventus,https://www.eventus.com/
Black Airplane,https://blackairplane.com/
Attentive,https://www.attentive.com/
Flexcar,https://www.flexcar.com/
Freeform,https://www.freeform.com/
ISHIR,https://www.ishir.com/
SlicedHealth,https://www.slicedhealth.com/
The King Electronics & Computer Repair,https://www.thekingrepairs.com/
JOOR,https://www.joor.com/
Machinify,https://www.machinify.com/
Bloom Credit,https://bloomcredit.io/
Paytient,https://www.paytient.com/
Rent Dynamics,https://rentdynamics.com/
Austin International,https://www.austintexas.gov/airport
Capitolis,https://capitolis.com/
Homelister,https://www.homelister.com/
Valkyrie Intelligence,https://valkyrie.ai/
TulaCo,https://tula.co/
CitrusBits,https://citrusbits.com/
Proton Solutions,https://protonsolutions.net/
Sysarro,https://sysarro.com/
PAR Technology,https://partech.com/
b.well Connected Health,https://www.icanbwell.com/
Redox,https://www.redoxengine.com/
Lattice,https://lattice.com/
Rightpoint,https://www.rightpoint.com/
Unqork,https://www.unqork.com/
UpEquity,https://www.upequity.com/
Zen Planner,https://zenplanner.com/
VirtualHealth,https://www.virtualhealth.com/
Tealium,https://tealium.com/
Kyte,https://kyte.com/
Pocket Worlds,https://www.pocketworlds.com/
Rebellion Defense,https://rebelliondefense.com/
SQUIRE,https://www.fender.com/en-US/squier-electric-guitars/
Rockbot,https://rockbot.com/
Hearth,https://www.hearthnhome.com/
North American Bancard,https://www.northamericanbancard.com/
Feedzai,https://feedzai.com/
Turnstile,https://www.turnstilehardcore.com/
OpenSea,https://opensea.io/
Karat Financial,https://www.trykarat.com/
Validere,https://www.validere.com/
APIXIO,https://www.apixio.com/
Workforce.com,https://workforce.com/
Coding Temple,https://www.codingtemple.com/
Volt Athletics,https://www.voltathletics.com/
Felux,https://felixba.us/
Deep Fork Technology,https://deepforktechnology.com/
Urban Sky,https://www.urbansky.com/
Codezeros,https://www.codezeros.com/
BeyondID,https://beyondid.com/
ngrok,https://ngrok.com/
Pace,https://www.pace.edu/
Verivest,https://www.verivest.com/
Aclaimant,https://www.aclaimant.com/
TeamUp,https://www.teamup.com/
Stytch,https://stytch.com/
BluByrd,https://www.blubyrd.com/
Melonheads,https://www.melonheads.com/
Zeno Technologies,https://zenotech.io/
"REsurety, Inc.",https://resurety.com/
Avantus,https://avantus.com/
FullContact,https://www.fullcontact.com/
Webgen Technologies,https://www.webgentechnologies.com/
Matik,https://www.matik.io/
Placer.ai,https://www.placer.ai/
AlphaBOLD,https://www.alphabold.com/
Veritonic,https://www.veritonic.com/
Antier Solutions,https://www.antiersolutions.com/
Binmile,https://binmile.com/
F(x) Data Labs,https://fxdatalabs.com/
ProductSupport,https://support.apple.com/
Dmvedu.Org,https://www.dmvedu.org/
Truffle Security,https://trufflesecurity.com/
"POINT.ME, INC.",https://www.point.me/
CopilotIQ,https://copilotiq.com/
atai Life Sciences,https://atai.life/
Algotive,https://www.algotive.ai/en-us/
Alluxi,https://www.alluxi.com/privacy-policy
Vincit,https://www.vincit.com/
Landis,https://www.landis.com/
"NS1, an IBM Company",https://ns1.com/
Studio X,https://studiox.com/
Second Front Systems,https://www.secondfront.com/
Curebase,https://www.curebase.com/
Productboard,https://www.productboard.com/
"Upstart Power, Inc.",https://www.upstartpower.com/
Swoop App,https://www.swoopapp.com/
Insite AI,https://insite.ai/
Teamworks,https://www.teamworks.com/
Pathify,https://pathify.com/
Snowflake,https://www.snowflake.com/en/
Fan Controlled Sports + Entertainment,https://www.fcse.xyz/
Kantata,https://www.kantata.com/
SafeBreach,https://www.safebreach.com/
Nutrisense,https://www.nutrisense.io/
Mployer Advisor,https://mployeradvisor.com/
MARKT-PILOT,https://www.markt-pilot.com/en/
Propelus,https://propelus.com/
Reveleer,https://www.reveleer.com/
"Spin Systems, Inc.",https://spinsys-dine.com/
Polywork,https://www.polywork.com/
Ubmatic,https://pubmatic.com/
SubscriptionFlow,https://www.subscriptionflow.com/
Hacken,https://hacken.io/
Roonyx,https://roonyx.tech/
The Network Group,https://thenetwork-group.com/
Finance Advertising,
MindInventory,https://www.mindinventory.com/
Amtrak,https://www.amtrak.com/home
BHP BILLITON,https://www.bhp.com/
Novelis,https://www.novelis.com/
ADM,https://www.adm.com/en-us/
Tesla,https://www.tesla.com/
General Motors,https://www.gm.com/
Ford Motors,https://www.ford.com/
Airbus,https://www.airbus.com/en
reynolds consumer products,https://www.reynoldsconsumerproducts.com/
mondelez international,https://www.mondelezinternational.com/
General Mills,https://www.generalmills.com/
danone,https://www.danone.com/
Diageo,https://www.diageo.com/en
Orora,https://www.ororagroup.com/
capital one,https://www.capitalone.com/
US Bank Corp,https://www.usbank.com/index.html
BB&T,https://www.truist.com/
suntrust bank,https://www.truist.com/
American Express,https://www.americanexpress.com/
ally Financial,https://www.ally.com/
M&T Bank,https://www3.mtb.com/
Fifth Third Bank,https://www.53.com/content/fifth-third/en.html
Syngenta,https://www.syngenta.com/en
Olam,https://www.olamgroup.com/
Consumers Energy,https://www.consumersenergy.com/
CSC,https://www.chinesescholarshipcouncil.com/
Kimberly Clark Corp.,https://www.kimberly-clark.com/en-us
Henkel,https://www.henkel-northamerica.com/
Shiseido,https://www.shiseido.com/
Ecolab,https://www.ecolab.com/
Spectrum Brands,https://spectrumbrands.com/
Nu Skin,https://www.nuskin.com/us/en/
Chanel,https://www.chanel.com/us/
Amerisourcebergen,https://www.amerisourcebergen.com/
Kroger,https://www.kroger.com/
Nestlé,https://www.nestle.com/
Prudential plc,https://www.prudentialplc.com/en
Bank of America,https://www.bankofamerica.com/
HSBC,https://www.us.hsbc.com/
IBM,https://www.ibm.com/
Citigroup,https://www.citigroup.com/global
Amazon,https://www.amazon.com/
Wells Fargo,https://www.wellsfargo.com/
Allianz,https://www.allianz.com/en.html
Sensata Technologies,https://www.sensata.com/
United Nations,https://www.un.org/en/
Dupont,https://www.dupont.com/
Pfizer,https://www.pfizer.com/
Sanofi,https://www.sanofi.com/en
Express Scripts,https://www.express-scripts.com/
Aon,https://www.aon.com/en/
Adobe,https://www.adobe.com/
Airbnb,https://www.airbnb.com/
Alcatel-Lucent,https://www.al-enterprise.com/
AOL,https://www.aol.com/
Acquia,https://www.acquia.com/
AdRoll,https://www.adroll.com/
AEG,https://www.aeg-home.com/
Alert Logic,https://www.alertlogic.com/
Autodesk,https://www.autodesk.com/
Bitdefender,https://www.bitdefender.com/
BMW,https://www.bmwusa.com/
British Gas,https://www.britishgas.co.uk/
Baidu,https://usa.baidu.com/
Bristol-Myers Squibb,https://www.bms.com/
Canon,https://www.usa.canon.com/
Capital One,https://www.capitalone.com/
Channel 4,https://www.channel4.com/
Chef,https://www.chef.io/
Citrix,https://www.citrix.com/
Coinbase,https://www.coinbase.com/
Comcast,https://www.xfinity.com/
Coursera,https://www.coursera.org/
Disney,https://www.disney.com/
Docker,https://www.docker.com/
Dow Jones,https://www.dowjones.com/
European Space Agency,https://www.esa.int/
ESPN,https://www.espn.com/
Expedia,https://www.expedia.com/
Financial Times,https://www.ft.com/
FINRA,https://www.finra.org/
General Electric,https://www.ge.com/
GoSquared,https://www.gosquared.com/
Guardian News & Media,https://www.theguardian.com/us/media
Harvard Medical School,https://hms.harvard.edu/
Hearst Corporation,https://www.hearst.com/
Hitachi,https://www.hitachi.com/
HTC,https://www.htc.com/us/
IMDb,https://www.imdb.com/
International Centre for Radio Astronomy Research,https://www.icrar.org/
International Civil Aviation Organization,https://icao.int/
ITV,https://www.itv.com/
iZettle,https://www.zettle.com/gb
Johnson & Johnson,https://www.jnj.com/
JustGiving,https://www.justgiving.com/
JWT,https://jwt.io/
Kaplan,https://kaplan.com/
Kellogg’s,https://www.kelloggs.com/en_US/home.html
Lamborghini,https://www.lamborghini.com/en-en
Lonely Planet,https://www.lonelyplanet.com/
Lyft,https://www.lyft.com/
Made.com,https://www.made.com/
McDonalds,https://www.mcdonalds.com/us/en-us.html
NASA,https://www.nasa.gov/
NASDAQ OMX,https://www.nasdaqomx.com/_?
National Rail Enquiries,https://www.nationalrail.co.uk/
National Trust,https://www.nationaltrust.org.uk/
Netflix,https://www.netflix.com/
News International,https://www.cnn.com/
News UK,https://www.news.co.uk/
Nokia,https://www.nokia.com/
Nordstrom,https://www.nordstrom.com/
Novartis,https://www.novartis.com/
Pfizer,https://www.pfizer.com/
Philips,https://www.usa.philips.com/
Pinterest,https://www.pinterest.com/
Quantas,https://www.qantas.com/us/en.html
Reddit,https://www.reddit.com/
Sage,https://www.sage.com/en-us/
Samsung,https://www.samsung.com/us/
SAP,https://www.sap.com/index.html
Schneider Electric,https://www.se.com/us/en/
Scribd,https://www.scribd.com/
Securitas Direct,https://oneid.securitasinc.com/
Siemens,https://www.siemens.com/
Slack,https://slack.com/
Sony,https://www.sony.com/
SoundCloud,https://soundcloud.com/
Spotify,https://open.spotify.com/
Square Enix,https://www.square-enix.com/
Tata Motors,https://www.tatamotors.com/
The Weather Company,https://www.ibm.com/weather
Twitch,https://www.twitch.tv/
Turner Broadcasting,https://www.tbs.com/
Ticketmaster,https://www.ticketmaster.com/
Time Inc.,https://time.com/
Trainline,https://www.thetrainline.com/en-us
Ubisoft,https://www.ubisoft.com/en-us
UCAS,https://www.ucas.com/
Unilever,https://www.unilever.com/
US Department of State,https://www.state.gov/
USDA Food and Nutrition Service,https://www.fns.usda.gov/usda-food-and-nutrition-service
UK Ministry of Justice,https://www.gov.uk/government/organisations/ministry-of-justice
Vodafone Italy,https://www.vodafone.it/
WeTransfer,https://wetransfer.com/
WIX,https://www.wix.com/
Xiaomi,https://www.mi.com/global/
Yelp,https://www.yelp.com/
Zynga and Zillow.,https://www.zillow.com/
